param,rmse_ensemble_mean,mean_predictive_std,rel_rmse,calibration_z_var
mu,0.023971079477978323,0.004747393075376749,0.8286815805029644,38.07338989305522
sigma,0.009316510769717063,0.001520034740678966,0.6546163233877867,55.12621662125173
lambda,18.83740723840642,4.937530040740967,0.6811031646812403,22.995775947046692
mu_J,0.0010598936605679663,0.00016501509526278824,0.3657611087313258,74.26230782711858
sigma_J,0.001013825118582893,0.00016158241487573832,0.7807779047382962,54.12485691255473
