{
  "lambda_std_reduction_pct": -34.89290855528893,
  "mu_J_std_reduction_pct": 30.15633092313767,
  "sigma_J_std_reduction_pct": 29.38925987523668,
  "sigma_std_reduction_pct": 0.0965497304637911
}