{
  "n_test": 4000,
  "rmse_per_param": {
    "mu": 0.02319284907746552,
    "sigma": 0.0030140567527138624,
    "lambda": 17.337596557570233,
    "mu_J": 0.0009856980652490303,
    "sigma_J": 0.0006627375985446216
  },
  "rel_rmse_per_param": {
    "mu": 0.8000625809203429,
    "sigma": 0.20609503896917505,
    "lambda": 0.6261001880387762,
    "mu_J": 0.34073276393625057,
    "sigma_J": 0.5049079575883395
  },
  "time_inference_s": 3.2793908000021474,
  "time_per_path_us": 819.8477000005369
}