param,rmse_neural,rmse_mle_oracle,rel_rmse_neural,rel_rmse_mle_oracle
mu,0.023145550882860876,0.06790247968992101,0.8175561931495191,2.398477922675505
sigma,0.0030674522701111323,0.002393441442216458,0.21385644492935243,0.1668658003146206
lambda,17.30274485398075,39.5033000317959,0.6267066679387504,1.4308123794483296
mu_J,0.0009568903527002139,0.0027974977972556477,0.34041093155435814,0.9952016221062348
sigma_J,0.0006503399051539057,0.001634014289780858,0.5028332033529876,1.2633956999157572
