{
  "BTCUSDT": {
    "n_test": 207,
    "F1_xgb_CI": [
      0.7092108806894692,
      0.8481012658227848
    ],
    "F1_raw_lomn_CI": [
      0.6037735849056604,
      0.782608695652174
    ],
    "F1_diff_xgb_minus_raw_CI": [
      0.005327903940099217,
      0.1620157398181591
    ],
    "F1_diff_bootstrap_p": 0.0372,
    "mcnemar_xgb_vs_raw_lomn": {
      "b": 17,
      "c": 13,
      "chi2": 0.3,
      "p_value": 0.5838824207703652
    },
    "delong_AUC_xgb_vs_raw_lomn": {
      "auc_A": 0.8934605446233354,
      "auc_B": 0.8675213675213675,
      "diff": 0.025939177101967803,
      "se": 0.014996485918273727,
      "z": 1.7296836901210326,
      "p_value": 0.08368680427428532
    }
  },
  "ETHUSDT": {
    "n_test": 187,
    "F1_xgb_CI": [
      0.7017543859649122,
      0.8551724137931035
    ],
    "F1_raw_lomn_CI": [
      0.6185473289597,
      0.8099173553719008
    ],
    "F1_diff_xgb_minus_raw_CI": [
      -0.016357969820240428,
      0.14756523591646853
    ],
    "F1_diff_bootstrap_p": 0.1132,
    "mcnemar_xgb_vs_raw_lomn": {
      "b": 12,
      "c": 10,
      "chi2": 0.045454545454545456,
      "p_value": 0.8311704095417625
    },
    "delong_AUC_xgb_vs_raw_lomn": {
      "auc_A": 0.9317780580075662,
      "auc_B": 0.8812105926860025,
      "diff": 0.05056746532156364,
      "se": 0.020045810841643075,
      "z": 2.5225951557177733,
      "p_value": 0.011649242817838301
    }
  },
  "SOLUSDT": {
    "n_test": 250,
    "F1_xgb_CI": [
      0.7071795301077067,
      0.8341708542713567
    ],
    "F1_raw_lomn_CI": [
      0.625,
      0.7882374409617863
    ],
    "F1_diff_xgb_minus_raw_CI": [
      -0.01419304655234878,
      0.14056138175739794
    ],
    "F1_diff_bootstrap_p": 0.1196,
    "mcnemar_xgb_vs_raw_lomn": {
      "b": 22,
      "c": 23,
      "chi2": 0.0,
      "p_value": 1.0
    },
    "delong_AUC_xgb_vs_raw_lomn": {
      "auc_A": 0.9219378041040828,
      "auc_B": 0.8806854241590858,
      "diff": 0.041252379944996975,
      "se": 0.016805249700046272,
      "z": 2.4547317464068024,
      "p_value": 0.014098975471508401
    }
  }
}