alpha_target,q_hat,coverage,avg_set_size,abstain_rate,size_zero_pct,size_one_pct,size_two_pct
0.01,0.9648382067680359,0.9965870307167235,1.713310580204778,0.7133105802047781,0.0,0.28668941979522183,0.7133105802047781
0.05,0.864092230796814,0.9556313993174061,1.416382252559727,0.41638225255972694,0.0,0.5836177474402731,0.41638225255972694
0.1,0.758968710899353,0.9078498293515358,1.2559726962457338,0.25597269624573377,0.0,0.7440273037542662,0.25597269624573377
0.15,0.6176201105117798,0.856655290102389,1.081911262798635,0.08191126279863481,0.0,0.9180887372013652,0.08191126279863481
0.2,0.45294225215911865,0.7986348122866894,0.9726962457337884,0.027303754266211604,0.027303754266211604,0.9726962457337884,0.0
0.3,0.2615230083465576,0.6689419795221843,0.7747440273037542,0.22525597269624573,0.22525597269624573,0.7747440273037542,0.0
0.5,0.10359472036361694,0.4812286689419795,0.5187713310580204,0.4812286689419795,0.4812286689419795,0.5187713310580204,0.0
