{
  "config": {
    "hidden_size": 64,
    "num_layers": 1,
    "dropout": 0.2,
    "window_seconds": 120,
    "batch_size": 64,
    "epochs": 30,
    "lr": 0.001,
    "seed": 42
  },
  "metrics": {
    "lstm_with_lomn": {
      "roc_auc": 0.8861742424242424,
      "pr_auc": 0.8746369120707727,
      "fpr_at_recall_90": {
        "recall": 0.90625,
        "fpr": 0.3333333333333333,
        "threshold": 0.30407950282096863
      },
      "F1@0.5": 0.7854251012145749,
      "precision@0.5": 0.8151260504201681,
      "recall@0.5": 0.7578125
    },
    "lstm_seq_only": {
      "roc_auc": 0.44557291666666665,
      "pr_auc": 0.4484724770649881,
      "fpr_at_recall_90": {
        "recall": 0.90625,
        "fpr": 0.9757575757575757,
        "threshold": 0.5015034675598145
      },
      "F1@0.5": 0.6080760095011877,
      "precision@0.5": 0.43686006825938567,
      "recall@0.5": 1.0
    },
    "xgb": {
      "roc_auc": 0.9019412878787879,
      "pr_auc": 0.8615535361611304,
      "fpr_at_recall_90": {
        "recall": 0.9140625,
        "fpr": 0.2787878787878788,
        "threshold": 0.29204878211021423
      }
    },
    "raw_lomn": {
      "roc_auc": 0.8861742424242424,
      "pr_auc": 0.8746369120707727,
      "fpr_at_recall_90": {
        "recall": 0.90625,
        "fpr": 0.3333333333333333,
        "threshold": 2.6218071196735755
      }
    },
    "lstm_train_time_s": 39.707595500018215,
    "n_train": 1013,
    "n_test": 293
  }
}