{
  "n_test_labeled": 293,
  "n_bootstrap": 5000,
  "point_estimates": {
    "raw_lomn": {
      "TP": 74,
      "FP": 10,
      "FN": 54,
      "TN": 155,
      "precision": 0.8809523809523809,
      "recall": 0.578125,
      "F1": 0.6981132075471698
    },
    "lomn_xgb": {
      "TP": 90,
      "FP": 17,
      "FN": 38,
      "TN": 148,
      "precision": 0.8411214953271028,
      "recall": 0.703125,
      "F1": 0.7659574468085106
    },
    "pure_ml": {
      "TP": 38,
      "FP": 12,
      "FN": 90,
      "TN": 153,
      "precision": 0.76,
      "recall": 0.296875,
      "F1": 0.42696629213483145
    },
    "lee_mykland": {
      "TP": 79,
      "FP": 108,
      "FN": 49,
      "TN": 57,
      "precision": 0.42245989304812837,
      "recall": 0.6171875,
      "F1": 0.5015873015873017
    }
  },
  "bootstrap_F1_CI": {
    "raw_lomn": {
      "F1_mean": 0.6971185897288052,
      "F1_lo_2.5": 0.6239273927392739,
      "F1_hi_97.5": 0.7637837518164305
    },
    "lomn_xgb": {
      "F1_mean": 0.7658179511731475,
      "F1_lo_2.5": 0.7036958568738229,
      "F1_hi_97.5": 0.8230097600058268
    },
    "pure_ml": {
      "F1_mean": 0.42429440058561796,
      "F1_lo_2.5": 0.32748006379585326,
      "F1_hi_97.5": 0.5130890052356021
    },
    "lee_mykland": {
      "F1_mean": 0.5003385587716637,
      "F1_lo_2.5": 0.4304635761589403,
      "F1_hi_97.5": 0.5653495440729484
    }
  },
  "bootstrap_F1_difference_vs_raw_lomn": {
    "lomn_xgb_minus_raw_lomn": {
      "diff_mean": 0.06869936144434226,
      "diff_lo_2.5": 0.0184558194604728,
      "diff_hi_97.5": 0.12071057568134765,
      "p_two_sided_vs_zero": 0.0036
    },
    "pure_ml_minus_raw_lomn": {
      "diff_mean": -0.27282418914318735,
      "diff_lo_2.5": -0.38315263548984213,
      "diff_hi_97.5": -0.17311360558767905,
      "p_two_sided_vs_zero": 0.0
    },
    "lee_mykland_minus_raw_lomn": {
      "diff_mean": -0.19678003095714158,
      "diff_lo_2.5": -0.2857381061239133,
      "diff_hi_97.5": -0.10547670454570578,
      "p_two_sided_vs_zero": 0.0
    }
  },
  "mcnemar_vs_raw_lomn": {
    "lomn_xgb_vs_raw_lomn": {
      "b": 19,
      "c": 10,
      "chi2": 2.206896551724138,
      "p_value": 0.13739482585580087
    },
    "pure_ml_vs_raw_lomn": {
      "b": 18,
      "c": 56,
      "chi2": 18.5,
      "p_value": 1.699042994762756e-05
    },
    "lee_mykland_vs_raw_lomn": {
      "b": 34,
      "c": 127,
      "chi2": 52.57142857142857,
      "p_value": 4.147793219999585e-13
    }
  },
  "delong_AUC_vs_raw_lomn": {
    "lomn_xgb_vs_raw_lomn": {
      "auc_A": 0.901941287878788,
      "auc_B": 0.8861742424242425,
      "diff": 0.015767045454545547,
      "se": 0.01241516801182826,
      "z": 1.2699824472390437,
      "p_value": 0.20409088264755337
    },
    "pure_ml_vs_raw_lomn": {
      "auc_A": 0.7632575757575757,
      "auc_B": 0.8861742424242425,
      "diff": -0.12291666666666679,
      "se": 0.03174115625635407,
      "z": -3.872469725864534,
      "p_value": 0.00010773806167230227
    },
    "lee_mykland_vs_raw_lomn": {
      "auc_A": 0.47452651515151517,
      "auc_B": 0.8861742424242425,
      "diff": -0.4116477272727273,
      "se": 0.03933444443634179,
      "z": -10.465324556418512,
      "p_value": 0.0
    }
  }
}